2.928986972229280975e+06,8.241928280852534226e+04,5.827118532887368474e+02,3.112285091249313671e+06,5.000000000000000000e-01,-8.236977819366350013e+04,2.927814307354723103e+06,-8.292775083241723769e+04,-8.279936950891563669e+06,5.000000000000000000e-01,-9.576436132192611694e-04,2.832405036136442789e-02,9.995983244901651688e-01,-4.612204432487487793e-01,1.500000000000000000e+00,1.000000000000000000e+01,2.970000000000000000e+02
2.925535593744721264e+06,1.643146155620640202e+05,-2.516739842593853282e+01,6.043178996094906703e+06,5.000000000000000000e-01,-1.640560272714559978e+05,2.920906808286630549e+06,-1.647672424779524736e+05,-1.644663361061370745e+07,5.000000000000000000e-01,-3.108737260686997468e-03,5.618398453414587268e-02,9.984155814722763811e-01,-1.005665617353974195e+00,1.500000000000000000e+00,1.000000000000000000e+01,2.970000000000000000e+02
2.919941011181826703e+06,2.443247086887375335e+05,-2.828838682106701071e+03,8.635222570977181196e+06,5.000000000000000000e-01,-2.436862290004251990e+05,2.909438580830018036e+06,-2.480803993883948133e+05,-2.480077194874148071e+07,5.000000000000000000e-01,-6.066103000774205993e-03,8.449139450576238775e-02,9.964057466649681727e-01,-1.655293108023252913e+00,1.500000000000000000e+00,1.000000000000000000e+01,2.970000000000000000e+02
2.911993506456522271e+06,3.255555282538566971e+05,-8.069726486631341686e+03,1.100477850883884914e+07,5.000000000000000000e-01,-3.243622620068587130e+05,2.893074439551221207e+06,-3.326695316060075420e+05,-3.308610023179782555e+07,5.000000000000000000e-01,-9.861245142877799255e-03,1.131769019214811101e-01,9.935258808829947608e-01,-2.337723680426691431e+00,1.500000000000000000e+00,1.000000000000000000e+01,2.970000000000000000e+02
2.901791554199839011e+06,4.063464591325331130e+05,-1.567376194933612351e+04,1.314107079327822849e+07,5.000000000000000000e-01,-4.044281497843542602e+05,2.872016045177921187e+06,-4.167987508700860199e+05,-4.137263821953993291e+07,5.000000000000000000e-01,-1.445063906229087508e-02,1.416495989362177854e-01,9.898113091421805176e-01,-3.103107122279822772e+00,1.500000000000000000e+00,1.000000000000000000e+01,2.970000000000000000e+02
2.889286955360110849e+06,4.868805364900170825e+05,-2.692924183682744842e+04,1.501450399806301668e+07,5.000000000000000000e-01,-4.842648232208367554e+05,2.846037447777860798e+06,-5.013164210185336415e+05,-4.972556011453105509e+07,5.000000000000000000e-01,-1.947063993876017862e-02,1.702658274689658469e-01,9.852057045960462833e-01,-3.959966790870212527e+00,1.500000000000000000e+00,1.000000000000000000e+01,2.970000000000000000e+02
2.874543655362065416e+06,5.666662392953198869e+05,-4.055514924902667553e+04,1.665231114114764892e+07,5.000000000000000000e-01,-5.632521399826180423e+05,2.815354608205272816e+06,-5.850516301485440927e+05,-5.805030729880465567e+07,5.000000000000000000e-01,-2.528524530295513453e-02,1.985821258160472558e-01,9.797579369165917429e-01,-4.900880537122396241e+00,1.500000000000000000e+00,1.000000000000000000e+01,2.970000000000000000e+02
2.857769939940824639e+06,6.448579745361527894e+05,-5.536945243228135223e+04,1.805888130632574856e+07,5.000000000000000000e-01,-6.403344466306389077e+05,2.780461348001156468e+06,-6.669084502082832623e+05,-6.625947699164491147e+07,5.000000000000000000e-01,-3.212997961396613783e-02,2.261547073435171418e-01,9.735612688678385584e-01,-5.956190933779382135e+00,1.500000000000000000e+00,1.000000000000000000e+01,2.970000000000000000e+02
2.838814261384162586e+06,7.225279313574844273e+05,-6.959483591545261152e+04,1.919315739988066629e+07,5.000000000000000000e-01,-7.160514089491857449e+05,2.741451168164324015e+06,-7.466435314458833309e+05,-7.444165853891530633e+07,5.000000000000000000e-01,-4.058374105496172224e-02,2.527212943405423573e-01,9.666874881687534948e-01,-7.101281052619313527e+00,1.500000000000000000e+00,1.000000000000000000e+01,2.970000000000000000e+02
2.818285024803273380e+06,7.974893175012387801e+05,-8.388463976701257343e+04,2.023399806632063538e+07,5.000000000000000000e-01,-7.885040142784602940e+05,2.700269062181866728e+06,-8.201032419740703190e+05,-8.249124111302213371e+07,5.000000000000000000e-01,-4.976673010642557182e-02,2.769493353672453084e-01,9.595947641281958873e-01,-8.400476727402846677e+00,1.500000000000000000e+00,1.000000000000000000e+01,2.970000000000000000e+02
2.795617308749633376e+06,8.716641473817102378e+05,-1.023826731212029699e+05,2.105951072106730565e+07,5.000000000000000000e-01,-8.604913347005498363e+05,2.654956947629476432e+06,-8.924794566508554853e+05,-9.047365157204338908e+07,5.000000000000000000e-01,-5.892362498884363281e-02,3.009082636274770239e-01,9.518308591775987981e-01,-9.754865164521309140e+00,1.500000000000000000e+00,1.000000000000000000e+01,2.970000000000000000e+02
2.771280921412555035e+06,9.438556721631095279e+05,-1.220447751955802378e+05,2.167295393718634918e+07,5.000000000000000000e-01,-9.299645187118356116e+05,2.605722826754528563e+06,-9.649538716946608620e+05,-9.839209677623711526e+07,5.000000000000000000e-01,-6.901615913580011474e-02,3.247300082134681465e-01,9.432851979889181893e-01,-1.119157918261907625e+01,1.500000000000000000e+00,1.000000000000000000e+01,2.970000000000000000e+02
2.744814004495119676e+06,1.015206464822920272e+06,-1.452860896353266435e+05,2.213105890681753308e+07,5.000000000000000000e-01,-9.988461067647523014e+05,2.552273238712085411e+06,-1.036324922770647332e+06,-1.063380875280724615e+08,5.000000000000000000e-01,-7.932652364402176248e-02,3.482554912720414175e-01,9.340370337021188796e-01,-1.269394097462821236e+01,1.500000000000000000e+00,1.000000000000000000e+01,2.970000000000000000e+02
2.716064609453895129e+06,1.086011682685108157e+06,-1.712526025947866729e+05,2.233894577718839422e+07,5.000000000000000000e-01,-1.067082213956212392e+06,2.494072661177838221e+06,-1.107564120325900847e+06,-1.140580117052229345e+08,5.000000000000000000e-01,-9.032707175595548754e-02,3.717036264653306166e-01,9.239465401455346782e-01,-1.426572519545967133e+01,1.500000000000000000e+00,1.000000000000000000e+01,2.970000000000000000e+02
2.685601758699771017e+06,1.155093101778468350e+06,-1.976332843422708684e+05,2.235653138600447029e+07,5.000000000000000000e-01,-1.132966496096218005e+06,2.432954714766888414e+06,-1.175958887752208393e+06,-1.215845244320313185e+08,5.000000000000000000e-01,-1.021849485669752700e-01,3.939630239491141439e-01,9.134281967541134639e-01,-1.595284699471519119e+01,1.500000000000000000e+00,1.000000000000000000e+01,2.970000000000000000e+02
2.653549482848331798e+06,1.222316725418785354e+06,-2.244390020851813315e+05,2.231865524110801890e+07,5.000000000000000000e-01,-1.196559670802504988e+06,2.369976077208385337e+06,-1.239846594737033127e+06,-1.290607524461224377e+08,5.000000000000000000e-01,-1.145393235017014982e-01,4.145180082765119178e-01,9.028041445239236573e-01,-1.768567169503023351e+01,1.500000000000000000e+00,1.000000000000000000e+01,2.970000000000000000e+02
2.619723126603525598e+06,1.288128577711615944e+06,-2.520544848330034292e+05,2.213372437151830643e+07,5.000000000000000000e-01,-1.258016967866510618e+06,2.303618780198261142e+06,-1.302495638434424531e+06,-1.363614981963628531e+08,5.000000000000000000e-01,-1.277687850603537456e-01,4.344018331875962313e-01,8.916108506669007117e-01,-1.946849863813203640e+01,1.500000000000000000e+00,1.000000000000000000e+01,2.970000000000000000e+02
2.584371856275984552e+06,1.351550567646451993e+06,-2.829997977734207525e+05,2.166242331223880872e+07,5.000000000000000000e-01,-1.317776950270371512e+06,2.234519544811381958e+06,-1.362404878700729925e+06,-1.435094847049133480e+08,5.000000000000000000e-01,-1.407969612529923753e-01,4.535759027854692205e-01,8.800254722933971152e-01,-2.132304079362001659e+01,1.500000000000000000e+00,1.000000000000000000e+01,2.970000000000000000e+02
2.547610547797732055e+06,1.412668897006431827e+06,-3.159149135068171308e+05,2.101055919533643126e+07,5.000000000000000000e-01,-1.374772966373503441e+06,2.160958774642930832e+06,-1.423382126721452922e+06,-1.504785362501688898e+08,5.000000000000000000e-01,-1.546697683587750505e-01,4.729849944676705054e-01,8.673881133054148762e-01,-2.327165527283446878e+01,1.500000000000000000e+00,1.000000000000000000e+01,2.970000000000000000e+02
2.507922348196663428e+06,1.473298656283752061e+06,-3.542202126613684231e+05,1.985908985548375174e+07,5.000000000000000000e-01,-1.431954352407927625e+06,2.080325819684369024e+06,-1.485769626423978014e+06,-1.573485436064876318e+08,5.000000000000000000e-01,-1.691136062111515959e-01,4.931212568695095277e-01,8.533649104896080528e-01,-2.518672861229729776e+01,1.500000000000000000e+00,1.000000000000000000e+01,2.970000000000000000e+02
2.468237309303770773e+06,1.530310112288396806e+06,-3.895006061678733677e+05,1.886974322120214999e+07,5.000000000000000000e-01,-1.484115393435874954e+06,2.001207408738127677e+06,-1.542183605456029531e+06,-1.639436704607537091e+08,5.000000000000000000e-01,-1.840766474708440126e-01,5.107218401670119423e-01,8.398086827254591658e-01,-2.724994021622451967e+01,1.500000000000000000e+00,1.000000000000000000e+01,2.970000000000000000e+02
2.426625754785509780e+06,1.585830760676648468e+06,-4.270638645287291729e+05,1.757119381445400044e+07,5.000000000000000000e-01,-1.534812309333215468e+06,1.918596963481189683e+06,-1.596589158844635123e+06,-1.704215400457880199e+08,5.000000000000000000e-01,-1.994532019730956840e-01,5.276388417275025278e-01,8.257210961041179242e-01,-2.941166092077285299e+01,1.500000000000000000e+00,1.000000000000000000e+01,2.970000000000000000e+02
2.384401601291080937e+06,1.637755438941794680e+06,-4.670561173173926654e+05,1.618614001009364799e+07,5.000000000000000000e-01,-1.582448556699371198e+06,1.833585019466978498e+06,-1.649115711926208809e+06,-1.767390996602996290e+08,5.000000000000000000e-01,-2.148175303745829268e-01,5.441144304780937135e-01,8.110441271227777360e-01,-3.161198132376020808e+01,1.500000000000000000e+00,1.000000000000000000e+01,2.970000000000000000e+02
2.339634016797708813e+06,1.689333065396142658e+06,-5.079583763735397370e+05,1.460227597370438464e+07,5.000000000000000000e-01,-1.628879440938767511e+06,1.744950599080984015e+06,-1.699311375702964840e+06,-1.827428708834931552e+08,5.000000000000000000e-01,-2.311107620501310356e-01,5.594792976190723355e-01,7.959713393259805203e-01,-3.390218526124947118e+01,1.500000000000000000e+00,1.000000000000000000e+01,2.970000000000000000e+02
2.293800768170310650e+06,1.738283743271029089e+06,-5.500942316637875047e+05,1.279052451968272030e+07,5.000000000000000000e-01,-1.672815882799333427e+06,1.654833556062741671e+06,-1.746131061054463731e+06,-1.884702157722484469e+08,5.000000000000000000e-01,-2.474897626894954072e-01,5.737248285135535530e-01,7.807614067537657077e-01,-3.618130079529748144e+01,1.500000000000000000e+00,1.000000000000000000e+01,2.970000000000000000e+02
2.247697777757565957e+06,1.783821039404119598e+06,-5.929531168178709922e+05,1.080932329764559865e+07,5.000000000000000000e-01,-1.713020993769655237e+06,1.563119871645449894e+06,-1.791082410538270604e+06,-1.939317468163027465e+08,5.000000000000000000e-01,-2.641646438288595689e-01,5.872431218698940247e-01,7.650897306556677657e-01,-3.851447173106772226e+01,1.500000000000000000e+00,1.000000000000000000e+01,2.970000000000000000e+02
2.197902936164220795e+06,1.828042935194268823e+06,-6.428361616456208285e+05,8.385771922441237606e+06,5.000000000000000000e-01,-1.753566650053377030e+06,1.462683290457898984e+06,-1.836116242867292836e+06,-1.993261796186384261e+08,5.000000000000000000e-01,-2.814176327872554562e-01,6.013713749112561402e-01,7.477675896505729947e-01,-4.079787620064949039e+01,1.500000000000000000e+00,1.000000000000000000e+01,2.970000000000000000e+02
2.147041246094692964e+06,1.869212908414295642e+06,-6.942719619629927911e+05,5.910023429169290699e+06,5.000000000000000000e-01,-1.790758974758261815e+06,1.358834597751031397e+06,-1.879497773214764893e+06,-2.045209558538328409e+08,5.000000000000000000e-01,-2.993027215196797375e-01,6.148547164038508095e-01,7.296377910846065795e-01,-4.313587314364523451e+01,1.500000000000000000e+00,1.000000000000000000e+01,2.970000000000000000e+02
2.094594407432321226e+06,1.908263035239514895e+06,-7.462993599766289117e+05,3.192148686966747511e+06,5.000000000000000000e-01,-1.825575856393194525e+06,1.253386420481781708e+06,-1.918868493921911344e+06,-2.093434560214038193e+08,5.000000000000000000e-01,-3.175344687977608160e-01,6.268555908241374430e-01,7.114939710875368695e-01,-4.553691804825881206e+01,1.500000000000000000e+00,1.000000000000000000e+01,2.970000000000000000e+02
2.041885316915655276e+06,1.943188056647042278e+06,-8.003008002377966186e+05,3.206174684077866841e+05,5.000000000000000000e-01,-1.857322509732216364e+06,1.146542667656337842e+06,-1.954879653431553859e+06,-2.139623978430167437e+08,5.000000000000000000e-01,-3.355672235927748548e-01,6.380801370021691454e-01,6.929993947327697246e-01,-4.797354301871364868e+01,1.500000000000000000e+00,1.000000000000000000e+01,2.970000000000000000e+02
1.989618555468397215e+06,1.973999048057326348e+06,-8.546942624432642478e+05,-2.652338637556660455e+06,5.000000000000000000e-01,-1.883958927058332367e+06,1.037175806466382230e+06,-1.990157318465345073e+06,-2.182005575377777517e+08,5.000000000000000000e-01,-3.543179722429032896e-01,6.487719748312841261e-01,6.734637762899587932e-01,-5.044859289605293640e+01,1.500000000000000000e+00,1.000000000000000000e+01,2.970000000000000000e+02
1.936677655898721889e+06,2.001813699756599730e+06,-9.098232640491953352e+05,-5.713907238997558132e+06,5.000000000000000000e-01,-1.908141074939162005e+06,9.275037263329966227e+05,-2.021013547058620490e+06,-2.221768596478593051e+08,5.000000000000000000e-01,-3.729227544340221745e-01,6.581189565849886458e-01,6.540702253321581949e-01,-5.293585676316977384e+01,1.500000000000000000e+00,1.000000000000000000e+01,2.970000000000000000e+02
1.881778363507749746e+06,2.027804087010318879e+06,-9.657525296630142257e+05,-8.881343060609001666e+06,5.000000000000000000e-01,-1.929700945226584096e+06,8.149553983911728719e+05,-2.048868914223413682e+06,-2.259474950657223761e+08,5.000000000000000000e-01,-3.922384339048885504e-01,6.661552677671577216e-01,6.343390544722782298e-01,-5.547569882138338215e+01,1.500000000000000000e+00,1.000000000000000000e+01,2.970000000000000000e+02
1.826342055089580361e+06,2.050175407236273168e+06,-1.023236441094811657e+06,-1.215352084729816020e+07,5.000000000000000000e-01,-1.948416262341741007e+06,7.009759459842933575e+05,-2.073178507825391600e+06,-2.294058926676999927e+08,5.000000000000000000e-01,-4.115103557951954039e-01,6.732463436560999215e-01,6.143276780152555627e-01,-5.805672215923269164e+01,1.500000000000000000e+00,1.000000000000000000e+01,2.970000000000000000e+02
1.770786923993150005e+06,2.068969596834424417e+06,-1.081404325084301177e+06,-1.555912397020026296e+07,5.000000000000000000e-01,-1.964007792047171853e+06,5.865157555161925266e+05,-2.093904121101444587e+06,-2.324297949509232044e+08,5.000000000000000000e-01,-4.307114363362002929e-01,6.792691582661981586e-01,5.942061275675903920e-01,-6.068810766060737905e+01,1.500000000000000000e+00,1.000000000000000000e+01,2.970000000000000000e+02
1.715122949412493501e+06,2.084548408788671717e+06,-1.139635077268915717e+06,-1.898669934731736034e+07,5.000000000000000000e-01,-1.976543466677770950e+06,4.721953268505369197e+05,-2.110940412933364511e+06,-2.352000073135903180e+08,5.000000000000000000e-01,-4.498444686844924600e-01,6.840800141822850344e-01,5.741727437495929287e-01,-6.332192737679657313e+01,1.500000000000000000e+00,1.000000000000000000e+01,2.970000000000000000e+02
1.659364325215933146e+06,2.097009888385988539e+06,-1.197838495908271288e+06,-2.254057127215600014e+07,5.000000000000000000e-01,-1.985421964606539579e+06,3.571464286698784563e+05,-2.125160799491418991e+06,-2.375746760127459764e+08,5.000000000000000000e-01,-4.692323260913648375e-01,6.877557143903199055e-01,5.539070454403735022e-01,-6.592752118725428545e+01,1.500000000000000000e+00,1.000000000000000000e+01,2.970000000000000000e+02
1.603794167200271972e+06,2.105446309177117888e+06,-1.257258036507636774e+06,-2.608267680724136159e+07,5.000000000000000000e-01,-1.991178214441215387e+06,2.412081339714438363e+05,-2.136068878975309897e+06,-2.396708468695690334e+08,5.000000000000000000e-01,-4.885020095263635787e-01,6.906205549712787217e-01,5.333000661010559584e-01,-6.859568863505877800e+01,1.500000000000000000e+00,1.000000000000000000e+01,2.970000000000000000e+02
1.546570377439515898e+06,2.111897945661753416e+06,-1.316725057160895551e+06,-2.979068317834623158e+07,5.000000000000000000e-01,-1.994310250983072445e+06,1.242558544022733840e+05,-2.143140136577408761e+06,-2.415032242071074843e+08,5.000000000000000000e-01,-5.081125605280606417e-01,6.919277422190155402e-01,5.128913798068407415e-01,-7.127914170775964919e+01,1.500000000000000000e+00,1.000000000000000000e+01,2.970000000000000000e+02
1.489993923445560737e+06,2.115249436678650323e+06,-1.375280289660156937e+06,-3.351673161973887309e+07,5.000000000000000000e-01,-1.993240828081596876e+06,7.659955188126967187e+03,-2.147718649277923163e+06,-2.429173885904128253e+08,5.000000000000000000e-01,-5.279069189863272449e-01,6.920283980892205644e-01,4.923524691284708599e-01,-7.396866794762638619e+01,1.500000000000000000e+00,1.000000000000000000e+01,2.970000000000000000e+02
1.435262663840902038e+06,2.115709652740721125e+06,-1.431625626474228688e+06,-3.721079206536146998e+07,5.000000000000000000e-01,-1.988208290169049520e+06,-1.059144518738666520e+05,-2.149784438967376016e+06,-2.441123160676324368e+08,5.000000000000000000e-01,-5.474193324902011382e-01,6.909230878342691451e-01,4.721836078601140962e-01,-7.665870802268457851e+01,1.500000000000000000e+00,1.000000000000000000e+01,2.970000000000000000e+02
1.379886042556272820e+06,2.112505087940070778e+06,-1.489629221167657757e+06,-4.093876466253203154e+07,5.000000000000000000e-01,-1.980594091835136525e+06,-2.209809825221205538e+05,-2.148063736583962105e+06,-2.449715401228982806e+08,5.000000000000000000e-01,-5.668737758626576362e-01,6.888901257625752450e-01,4.517571796159206010e-01,-7.936147654271726992e+01,1.500000000000000000e+00,1.000000000000000000e+01,2.970000000000000000e+02
1.322994962153424742e+06,2.106152829511658289e+06,-1.549052183396729175e+06,-4.473746329029352218e+07,5.000000000000000000e-01,-1.970994338227275060e+06,-3.371679186601011315e+05,-2.141789449845639057e+06,-2.454470946525494754e+08,5.000000000000000000e-01,-5.862380153515533987e-01,6.856641084943697617e-01,4.314970549643646902e-01,-8.209336000625907559e+01,1.500000000000000000e+00,1.000000000000000000e+01,2.970000000000000000e+02
1.265785143200942315e+06,2.095960362051292555e+06,-1.609501835718864109e+06,-4.863134658969839662e+07,5.000000000000000000e-01,-1.958969500954939518e+06,-4.535883638160706614e+05,-2.131304540457413532e+06,-2.455827543228958547e+08,5.000000000000000000e-01,-6.053347115579225113e-01,6.814681676970250068e-01,4.113040354791446251e-01,-8.483719753081210513e+01,1.500000000000000000e+00,1.000000000000000000e+01,2.970000000000000000e+02
1.207943055331726559e+06,2.084465515963733196e+06,-1.667823462029617745e+06,-5.238248719958689809e+07,5.000000000000000000e-01,-1.941529487731706817e+06,-5.704630398101217579e+05,-2.119150388918967918e+06,-2.453957769995840192e+08,5.000000000000000000e-01,-6.253155653833244454e-01,6.753170710046962899e-01,3.910591692863444324e-01,-8.757942387843698384e+01,1.500000000000000000e+00,1.000000000000000000e+01,2.970000000000000000e+02
1.150941548045695992e+06,2.069333858631961979e+06,-1.725963356624169741e+06,-5.612334987111346424e+07,5.000000000000000000e-01,-1.920566281302761519e+06,-6.864982859455602011e+05,-2.103784407112968154e+06,-2.448606630724234581e+08,5.000000000000000000e-01,-6.450668020274291647e-01,6.681195501420275074e-01,3.708168312108038323e-01,-9.031004649203883616e+01,1.500000000000000000e+00,1.000000000000000000e+01,2.970000000000000000e+02
1.095066346945455065e+06,2.049244506492336979e+06,-1.785268858047283953e+06,-5.992435336788365245e+07,5.000000000000000000e-01,-1.898909561811234104e+06,-8.001177131176779512e+05,-2.083198781427517300e+06,-2.440609748394340277e+08,5.000000000000000000e-01,-6.635985905785025674e-01,6.605640669988176450e-01,3.511296187075919062e-01,-9.300917108222773777e+01,1.500000000000000000e+00,1.000000000000000000e+01,2.970000000000000000e+02
1.039641122095155530e+06,2.026605759311395464e+06,-1.843305235397913028e+06,-6.371157857137369365e+07,5.000000000000000000e-01,-1.873480657720055198e+06,-9.124976715907454491e+05,-2.059898485119741643e+06,-2.428667752736574709e+08,5.000000000000000000e-01,-6.821418724595007532e-01,6.516692962362184982e-01,3.316770131718917991e-01,-9.571497861715037914e+01,1.500000000000000000e+00,1.000000000000000000e+01,2.970000000000000000e+02
9.846720613286590669e+05,2.000143260616212152e+06,-1.901474900788271800e+06,-6.752319424533323944e+07,5.000000000000000000e-01,-1.845399242251761956e+06,-1.023926703562631737e+06,-2.032692632079410832e+06,-2.413680430209376514e+08,5.000000000000000000e-01,-7.003157465426731454e-01,6.418331029994203130e-01,3.124231144600305154e-01,-9.843089208626484776e+01,1.500000000000000000e+00,1.000000000000000000e+01,2.970000000000000000e+02
9.320916728568841936e+05,1.970902857573128305e+06,-1.957678891441862332e+06,-7.128906447748458385e+07,5.000000000000000000e-01,-1.813163779339942150e+06,-1.132800298165294575e+06,-2.003737735878420295e+06,-2.395705653664400578e+08,5.000000000000000000e-01,-7.182741259553065971e-01,6.309695334974236847e-01,2.931891702373122799e-01,-1.010991875196604468e+02,1.500000000000000000e+00,1.000000000000000000e+01,2.970000000000000000e+02
8.791746678659160389e+05,1.938832781076262007e+06,-2.013389868782492820e+06,-7.498326801582163572e+07,5.000000000000000000e-01,-1.778127336550546112e+06,-1.240550088933015475e+06,-1.971056210095590446e+06,-2.374221943718634546e+08,5.000000000000000000e-01,-7.360278858336518626e-01,6.188204844490016177e-01,2.744526720926108165e-01,-1.037628320403321283e+02,1.500000000000000000e+00,1.000000000000000000e+01,2.970000000000000000e+02
8.272470213926759316e+05,1.905278041684918338e+06,-2.066721322562208166e+06,-7.852261144638183713e+07,5.000000000000000000e-01,-1.740944708247672068e+06,-1.344156653483154019e+06,-1.936005671429317677e+06,-2.350407530769519210e+08,5.000000000000000000e-01,-7.531922045132735111e-01,6.056150281408391178e-01,2.567723161873684545e-01,-1.063986870917367042e+02,1.500000000000000000e+00,1.000000000000000000e+01,2.970000000000000000e+02
7.757435236177052138e+05,1.870076271236095345e+06,-2.118205677369925659e+06,-8.204959347813767195e+07,5.000000000000000000e-01,-1.699928730600517942e+06,-1.445716581749429461e+06,-1.898923116081306944e+06,-2.321547477854374051e+08,5.000000000000000000e-01,-7.702939297796761453e-01,5.909696444965835127e-01,2.395875141092885241e-01,-1.090750360709212003e+02,1.500000000000000000e+00,1.000000000000000000e+01,2.970000000000000000e+02
7.239742317815227434e+05,1.829725581448832294e+06,-2.171111392421568744e+06,-8.549299133952593803e+07,5.000000000000000000e-01,-1.657551519190809457e+06,-1.546772324622781714e+06,-1.856281756166663952e+06,-2.290192818862439096e+08,5.000000000000000000e-01,-7.867451151037019308e-01,5.756811960633739789e-01,2.227630146262902788e-01,-1.116506068689221962e+02,1.500000000000000000e+00,1.000000000000000000e+01,2.970000000000000000e+02
6.762651812074347399e+05,1.787408686432499904e+06,-2.221169643896329682e+06,-8.889945142602653801e+07,5.000000000000000000e-01,-1.612409957092431607e+06,-1.642876841019495623e+06,-1.812968145760494750e+06,-2.255158748217680752e+08,5.000000000000000000e-01,-8.024597941253871491e-01,5.599386924709218727e-01,2.062208804746469282e-01,-1.142573249172436789e+02,1.500000000000000000e+00,1.000000000000000000e+01,2.970000000000000000e+02
6.296430561182957608e+05,1.744874204491491895e+06,-2.268198107393988408e+06,-9.205354573738448322e+07,5.000000000000000000e-01,-1.564147374686659314e+06,-1.734996743012338411e+06,-1.768895986508220201e+06,-2.217885828258737624e+08,5.000000000000000000e-01,-8.178566862091196654e-01,5.429420229437135204e-01,1.905899180845599394e-01,-1.168143963935588658e+02,1.500000000000000000e+00,1.000000000000000000e+01,2.970000000000000000e+02
5.840107597196304705e+05,1.697999963309481740e+06,-2.315488496968314983e+06,-9.520077066444444656e+07,5.000000000000000000e-01,-1.512958117148837540e+06,-1.826295994416169124e+06,-1.720861650499955285e+06,-2.177392880852165520e+08,5.000000000000000000e-01,-8.328783487409462394e-01,5.250815155571172399e-01,1.749377950317055341e-01,-1.193092116167468220e+02,1.500000000000000000e+00,1.000000000000000000e+01,2.970000000000000000e+02
5.391323762373394566e+05,1.648989007235139841e+06,-2.361340939108712599e+06,-9.821811975283497572e+07,5.000000000000000000e-01,-1.458538055877454579e+06,-1.915208667312220903e+06,-1.670450997455576668e+06,-2.133788631584769487e+08,5.000000000000000000e-01,-8.475799277286678590e-01,5.060320219546441400e-01,1.598123439663346468e-01,-1.217451912677591537e+02,1.500000000000000000e+00,1.000000000000000000e+01,2.970000000000000000e+02
4.946582022901016753e+05,1.597520203253542306e+06,-2.406034488756209612e+06,-1.011261756248333603e+08,5.000000000000000000e-01,-1.400879849385278067e+06,-2.001959742926058359e+06,-1.617237414494053693e+06,-2.086620462273297012e+08,5.000000000000000000e-01,-8.619451137956504194e-01,4.857460819461429380e-01,1.452634636844829796e-01,-1.242067762769325014e+02,1.500000000000000000e+00,1.000000000000000000e+01,2.970000000000000000e+02
4.530416554796564160e+05,1.542999713279187446e+06,-2.449421218392953277e+06,-1.039410954173813760e+08,5.000000000000000000e-01,-1.342496253512453521e+06,-2.084544885741656879e+06,-1.561454530116471229e+06,-2.037723986342011094e+08,5.000000000000000000e-01,-8.753273908489779265e-01,4.653847590352195307e-01,1.312214907901808614e-01,-1.265735612079585053e+02,1.500000000000000000e+00,1.000000000000000000e+01,2.970000000000000000e+02
4.116852674294386525e+05,1.486137452346725855e+06,-2.491519587636015844e+06,-1.067141547757432014e+08,5.000000000000000000e-01,-1.281932477953088935e+06,-2.164279878184877802e+06,-1.502765999603687786e+06,-1.985900704375476539e+08,5.000000000000000000e-01,-8.881868230127463182e-01,4.440550848448461263e-01,1.180650427332062130e-01,-1.289377259935374127e+02,1.500000000000000000e+00,1.000000000000000000e+01,2.970000000000000000e+02
3.743691577740036300e+05,1.425588482624614146e+06,-2.532450327509775292e+06,-1.092349483285769075e+08,5.000000000000000000e-01,-1.219728527119691484e+06,-2.240518256529913750e+06,-1.441563094860801939e+06,-1.930789094675214589e+08,5.000000000000000000e-01,-9.002313596869023771e-01,4.226168775804836630e-01,1.047786953647752289e-01,-1.312041861191824523e+02,1.500000000000000000e+00,1.000000000000000000e+01,2.970000000000000000e+02
3.369675304755313555e+05,1.364438004440038465e+06,-2.571093505704915151e+06,-1.116272980751090199e+08,5.000000000000000000e-01,-1.154697812951629516e+06,-2.313223178451524116e+06,-1.378925579165706411e+06,-1.872913078095305264e+08,5.000000000000000000e-01,-9.118658788452770336e-01,3.998926753243394749e-01,9.266388848450991811e-02,-1.334523781121648653e+02,1.500000000000000000e+00,1.000000000000000000e+01,2.970000000000000000e+02
3.014179588824358070e+05,1.300425481935413321e+06,-2.608409597665760666e+06,-1.139575138586100191e+08,5.000000000000000000e-01,-1.088841109801024199e+06,-2.382217373200940900e+06,-1.313479963891413994e+06,-1.812616920807855725e+08,5.000000000000000000e-01,-9.226869311791743300e-01,3.768948127668019232e-01,8.123616259163540798e-02,-1.356049829703318608e+02,1.500000000000000000e+00,1.000000000000000000e+01,2.970000000000000000e+02
2.686903659282996086e+05,1.233988966928452486e+06,-2.644019001809238456e+06,-1.160881473587204516e+08,5.000000000000000000e-01,-1.019437011199556291e+06,-2.448171002467789687e+06,-1.246182539539725753e+06,-1.751740296437720954e+08,5.000000000000000000e-01,-9.330413858969164309e-01,3.529229237757045556e-01,6.985266268819879942e-02,-1.377095273575395993e+02,1.500000000000000000e+00,1.000000000000000000e+01,2.970000000000000000e+02
2.378041037754054705e+05,1.165159435084555764e+06,-2.677986675652751233e+06,-1.180092878258085400e+08,5.000000000000000000e-01,-9.469957288012529025e+05,-2.510910169839936774e+06,-1.176559878492143471e+06,-1.687785851532791853e+08,5.000000000000000000e-01,-9.428567914252559135e-01,3.279478425266089681e-01,5.891900507238599649e-02,-1.397752449655892804e+02,1.500000000000000000e+00,1.000000000000000000e+01,2.970000000000000000e+02
2.094178918307389540e+05,1.095180539146158611e+06,-2.709701742998193018e+06,-1.197871966447621286e+08,5.000000000000000000e-01,-8.742971042610567529e+05,-2.568772758458365221e+06,-1.105791453950133873e+06,-1.621526207391709685e+08,5.000000000000000000e-01,-9.517763252891200398e-01,3.028842227373966800e-01,4.881789829282964094e-02,-1.417630013890666874e+02,1.500000000000000000e+00,1.000000000000000000e+01,2.970000000000000000e+02
1.823458050508187735e+05,1.022723468398512923e+06,-2.739807774729155935e+06,-1.213135962733910680e+08,5.000000000000000000e-01,-8.015540053598945960e+05,-2.622527076625199523e+06,-1.032291989830572740e+06,-1.553682462090319395e+08,5.000000000000000000e-01,-9.598496038824476662e-01,2.776874845765355815e-01,3.973308119795006255e-02,-1.436658567088542497e+02,1.500000000000000000e+00,1.000000000000000000e+01,2.970000000000000000e+02
1.566198353275834816e+05,9.502793942388128489e+05,-2.767345214426400140e+06,-1.226239381814706028e+08,5.000000000000000000e-01,-7.275759145220955834e+05,-2.671612573783324566e+06,-9.585840417988073314e+05,-1.484427889566994011e+08,5.000000000000000000e-01,-9.672131764749146710e-01,2.519746041350121590e-01,3.174506429408870817e-02,-1.455104535730562532e+02,1.500000000000000000e+00,1.000000000000000000e+01,2.970000000000000000e+02
1.328706655782750458e+05,8.757417048302826006e+05,-2.793059701602073386e+06,-1.237935736114414036e+08,5.000000000000000000e-01,-6.520382251669472316e+05,-2.716830690632131882e+06,-8.828598887544228928e+05,-1.412458370202356279e+08,5.000000000000000000e-01,-9.738782417773037547e-01,2.257553087042007967e-01,2.441463515417338984e-02,-1.472977314685873012e+02,1.500000000000000000e+00,1.000000000000000000e+01,2.970000000000000000e+02
1.140418144464778306e+05,8.025770231771717081e+05,-2.815781443868305534e+06,-1.246787968972872198e+08,5.000000000000000000e-01,-5.766720794310366036e+05,-2.756563782142641023e+06,-8.090547151237736689e+05,-1.338841703100074530e+08,5.000000000000000000e-01,-9.796757729270141324e-01,1.998459050440405949e-01,1.724415847574979274e-02,-1.490158780298335728e+02,1.500000000000000000e+00,1.000000000000000000e+01,2.970000000000000000e+02
1.002158060811866599e+05,7.296830962417367846e+05,-2.836067645914244931e+06,-1.252475788422543108e+08,5.000000000000000000e-01,-4.992223370370885823e+05,-2.791933032267536037e+06,-7.359691117693646811e+05,-1.263459332242689729e+08,5.000000000000000000e-01,-9.847910559354634552e-01,1.734677270920523817e-01,9.792750072011286930e-03,-1.507158352076201027e+02,1.500000000000000000e+00,1.000000000000000000e+01,2.970000000000000000e+02
8.510623577697058499e+04,6.566742628382587573e+05,-2.854346831662606448e+06,-1.256739471902786791e+08,5.000000000000000000e-01,-4.219689439087809878e+05,-2.823012426810089499e+06,-6.620475955645497888e+05,-1.186092834983690530e+08,5.000000000000000000e-01,-9.891545518893362088e-01,1.468183055213537758e-01,4.244976858036654879e-03,-1.523318771607985980e+02,1.500000000000000000e+00,1.000000000000000000e+01,2.970000000000000000e+02
7.250663998340969556e+04,5.821558148213491077e+05,-2.870818276281149592e+06,-1.257848395506169647e+08,5.000000000000000000e-01,-3.424676068998628762e+05,-2.850319830853822175e+06,-5.866491297087720595e+05,-1.107809737625577301e+08,5.000000000000000000e-01,-9.928417887719901413e-01,1.194353730316527057e-01,-8.950655505048904894e-04,-1.538628657570934024e+02,1.500000000000000000e+00,1.000000000000000000e+01,2.970000000000000000e+02
6.318641841569151438e+04,5.081278520832182257e+05,-2.885060450919140596e+06,-1.256794688702894300e+08,5.000000000000000000e-01,-2.654209504200951778e+05,-2.872870119164825417e+06,-5.117944432128851768e+05,-1.028499250395644903e+08,5.000000000000000000e-01,-9.956582495954658940e-01,9.292461025422160681e-02,-5.478723077542523197e-03,-1.553127938611798129e+02,1.500000000000000000e+00,1.000000000000000000e+01,2.970000000000000000e+02
5.497977667735315481e+04,4.342171048529481632e+05,-2.897273364032190293e+06,-1.254525082222618163e+08,5.000000000000000000e-01,-1.879805159190527920e+05,-2.891289819573205896e+06,-4.368880734118621913e+05,-9.477425141939483583e+07,5.000000000000000000e-01,-9.977654776793705160e-01,6.619974428636525576e-02,-9.051205699836192137e-03,-1.567017859897163987e+02,1.500000000000000000e+00,1.000000000000000000e+01,2.970000000000000000e+02
4.908891956819051120e+04,3.595256544658245402e+05,-2.907592155980030075e+06,-1.249713632825489342e+08,5.000000000000000000e-01,-1.090672279359604581e+05,-2.905760841353270691e+06,-3.611411500360865612e+05,-8.659729953975008428e+07,5.000000000000000000e-01,-9.991674724735803981e-01,3.896745981391977476e-02,-1.208911231112288522e-02,-1.580321622515814113e+02,1.500000000000000000e+00,1.000000000000000000e+01,2.970000000000000000e+02
4.430382872751749528e+04,2.817479012464004336e+05,-2.916233128636366222e+06,-1.242740682794056088e+08,5.000000000000000000e-01,-2.824654508436197648e+04,-2.916390469278017059e+06,-2.821928010617701802e+05,-7.828786271765638888e+07,5.000000000000000000e-01,-9.998391387416890597e-01,1.101592453108107481e-02,-1.416380045806101516e-02,-1.592457816565596431e+02,1.500000000000000000e+00,1.000000000000000000e+01,2.970000000000000000e+02
3.955870151566934510e+04,2.053820452280100726e+05,-2.922672462800357956e+06,-1.233298535087263137e+08,5.000000000000000000e-01,5.127709907886469591e+04,-2.922540275074696168e+06,-2.046792877009927179e+05,-7.003919859610879421e+07,5.000000000000000000e-01,-9.997547121864018838e-01,-1.654765208970965934e-02,-1.473293510234606300e-02,-1.604021910392892210e+02,1.500000000000000000e+00,1.000000000000000000e+01,2.970000000000000000e+02
3.980002300534390088e+04,1.296762484486213361e+05,-2.927005525523871649e+06,-1.222200658982095420e+08,5.000000000000000000e-01,1.308003855949546705e+05,-2.924436124346343800e+06,-1.277844425087803393e+05,-6.172459245095316321e+07,5.000000000000000000e-01,-9.989087575395003693e-01,-4.403583639083191725e-02,-1.557187061135039893e-02,-1.614731958753457093e+02,1.500000000000000000e+00,1.000000000000000000e+01,2.970000000000000000e+02
4.059313582249335741e+04,5.537996550697799830e+04,-2.929342376203968190e+06,-1.208904075832714289e+08,5.000000000000000000e-01,2.089811516072337981e+05,-2.922216773901676293e+06,-5.234990059670228220e+04,-5.324028738991406560e+07,5.000000000000000000e-01,-9.973540965217286836e-01,-7.109141613342735699e-02,-1.520297884394036618e-02,-1.624424997601798566e+02,1.500000000000000000e+00,1.000000000000000000e+01,2.970000000000000000e+02
4.482991586416992504e+04,-2.056837222058619227e+04,-2.929731878993249033e+06,-1.193209168267216384e+08,5.000000000000000000e-01,2.887159812366296537e+05,-2.915782500983399339e+06,2.488769716437575335e+04,-4.474020955151709169e+07,5.000000000000000000e-01,-9.950119828761346819e-01,-9.868728648007063509e-02,-1.457076221064707369e-02,-1.633636844268425818e+02,1.500000000000000000e+00,1.000000000000000000e+01,2.970000000000000000e+02
5.358116137090999837e+04,-9.040261938914265193e+04,-2.928261902748353779e+06,-1.175204049572656602e+08,5.000000000000000000e-01,3.652810440823892714e+05,-2.905691390922337305e+06,9.638911092046914564e+04,-3.639632359184214473e+07,5.000000000000000000e-01,-9.920253239264168466e-01,-1.252235176865192090e-01,-1.432429646595083893e-02,-1.641680358957654562e+02,1.500000000000000000e+00,1.000000000000000000e+01,2.970000000000000000e+02
6.119724181238827441e+04,-1.667036686668858165e+05,-2.924760811121221166e+06,-1.155421440688567013e+08,5.000000000000000000e-01,4.447601459631209145e+05,-2.890959540780422278e+06,1.740825825411301339e+05,-2.793145405048975348e+07,5.000000000000000000e-01,-9.881860244735062304e-01,-1.527894035384020632e-01,-1.200633522213159776e-02,-1.649299648493899895e+02,1.500000000000000000e+00,1.000000000000000000e+01,2.970000000000000000e+02
7.053443964213233266e+04,-2.438742562268626061e+05,-2.919128455890015699e+06,-1.133763210596903414e+08,5.000000000000000000e-01,5.231991015851536649e+05,-2.871973449285970535e+06,2.525761339749450563e+05,-1.956454197441103309e+07,5.000000000000000000e-01,-9.836274331919677705e-01,-1.800015352473736674e-01,-8.767624985068616858e-03,-1.656058499230241523e+02,1.500000000000000000e+00,1.000000000000000000e+01,2.970000000000000000e+02
8.028540842560240708e+04,-3.190266791709236568e+05,-2.911621070252026897e+06,-1.108690680504903793e+08,5.000000000000000000e-01,6.003480610783424927e+05,-2.849084730211962946e+06,3.287280356223980780e+05,-1.110226443598392047e+07,5.000000000000000000e-01,-9.783933994157032465e-01,-2.067065979687457977e-01,-4.367928220509381676e-03,-1.662130281004279198e+02,1.500000000000000000e+00,1.000000000000000000e+01,2.970000000000000000e+02
9.492571688817179529e+04,-3.951741385806135368e+05,-2.901824925637288485e+06,-1.082040410948684812e+08,5.000000000000000000e-01,6.778707503460923908e+05,-2.821538913451333530e+06,4.064148940731686307e+05,-2.578271657762400806e+06,5.000000000000000000e-01,-9.723226611192959945e-01,-2.336429050421068854e-01,-2.782634881956609757e-05,-1.667140843777440864e+02,1.500000000000000000e+00,1.000000000000000000e+01,2.970000000000000000e+02
1.114465841766178346e+05,-4.707489503050710773e+05,-2.889937047112319153e+06,-1.052372931603782624e+08,5.000000000000000000e-01,7.532050237306323834e+05,-2.790097289401668124e+06,4.835315605190888746e+05,5.897887892100503668e+06,5.000000000000000000e-01,-9.656372983996510673e-01,-2.598451803741368971e-01,5.049563357980264323e-03,-1.671812427466282429e+02,1.500000000000000000e+00,1.000000000000000000e+01,2.970000000000000000e+02
1.296595097072594217e+05,-5.437917887023382355e+05,-2.876324122669057921e+06,-1.020904911734481007e+08,5.000000000000000000e-01,8.264859640123383142e+05,-2.755204941170154605e+06,5.581491590625927784e+05,1.437505355309319124e+07,5.000000000000000000e-01,-9.583626435451025882e-01,-2.853539231757099004e-01,1.070823277081002500e-02,-1.675595566840399329e+02,1.500000000000000000e+00,1.000000000000000000e+01,2.970000000000000000e+02
1.502471331570571929e+05,-6.178318317758344347e+05,-2.860327174656453077e+06,-9.864352981563957036e+07,5.000000000000000000e-01,8.997725481937350705e+05,-2.715590444631220773e+06,6.338312563278232701e+05,2.272296643162313104e+07,5.000000000000000000e-01,-9.502897607362009724e-01,-3.108925048872244190e-01,1.719699422849173612e-02,-1.678578171097404947e+02,1.500000000000000000e+00,1.000000000000000000e+01,2.970000000000000000e+02
1.721049573093730723e+05,-6.919376243739742786e+05,-2.842070498760820366e+06,-9.512456915701897442e+07,5.000000000000000000e-01,9.727668682422790444e+05,-2.671402754925063811e+06,7.092929059419947444e+05,3.089842406797124818e+07,5.000000000000000000e-01,-9.414393328730719102e-01,-3.362685719835218912e-01,2.481942774150835279e-02,-1.680048127822203696e+02,1.500000000000000000e+00,1.000000000000000000e+01,2.970000000000000000e+02
1.946259122985099966e+05,-7.654892531507975655e+05,-2.821685561939538456e+06,-9.138114087046743929e+07,5.000000000000000000e-01,1.043453767786118551e+06,-2.623506713324131910e+06,7.836973849853937281e+05,3.902660963794751465e+07,5.000000000000000000e-01,-9.320646485390485791e-01,-3.607374875155162086e-01,3.353484912029514042e-02,-1.680647905719402218e+02,1.500000000000000000e+00,1.000000000000000000e+01,2.970000000000000000e+02
2.207523982922446739e+05,-8.346537382464016555e+05,-2.800068532603137661e+06,-8.745430746966128051e+07,5.000000000000000000e-01,1.111420143339501927e+06,-2.572974615607027896e+06,8.545826010677329032e+05,4.698204991625143588e+07,5.000000000000000000e-01,-9.221823283564869467e-01,-3.844837168412730266e-01,4.186500872825499320e-02,-1.680955956039829857e+02,1.500000000000000000e+00,1.000000000000000000e+01,2.970000000000000000e+02
2.477112542192137334e+05,-9.045493810052457266e+05,-2.776003026818107814e+06,-8.332866629829536378e+07,5.000000000000000000e-01,1.179188897716804408e+06,-2.517650712551171891e+06,9.255883648044714937e+05,5.489208466908577830e+07,5.000000000000000000e-01,-9.115192658160529149e-01,-4.080120115456415952e-01,5.157109500832003646e-02,-1.680408363944924872e+02,1.500000000000000000e+00,1.000000000000000000e+01,2.970000000000000000e+02
2.772943630279590725e+05,-9.710695705568584381e+05,-2.750617135029209312e+06,-7.897459165283954144e+07,5.000000000000000000e-01,1.243769590350877028e+06,-2.459902297180899419e+06,9.938223905019938247e+05,6.270768362765952200e+07,5.000000000000000000e-01,-9.004617923735356300e-01,-4.306082405535418545e-01,6.120286616436212968e-02,-1.679449395960432128e+02,1.500000000000000000e+00,1.000000000000000000e+01,2.970000000000000000e+02
3.089727751003666199e+05,-1.037888057755618705e+06,-2.722698441616911441e+06,-7.442393381887929142e+07,5.000000000000000000e-01,1.307561071355302120e+06,-2.397419946388837881e+06,1.062274284520872403e+06,7.035749146714445949e+07,5.000000000000000000e-01,-8.886565306646545537e-01,-4.529235042944347311e-01,7.176751391687469228e-02,-1.677633350728143569e+02,1.500000000000000000e+00,1.000000000000000000e+01,2.970000000000000000e+02
3.408294574333319906e+05,-1.101327046924704919e+06,-2.693821914652514737e+06,-6.969350964642035961e+07,5.000000000000000000e-01,1.368691440249703359e+06,-2.332905947835964151e+06,1.126942021421137499e+06,7.787329277845200896e+07,5.000000000000000000e-01,-8.764947020974109826e-01,-4.742142733220842121e-01,8.293714518608914787e-02,-1.675321949642734580e+02,1.500000000000000000e+00,1.000000000000000000e+01,2.970000000000000000e+02
3.749611324011724209e+05,-1.164019403436676832e+06,-2.662747748379358090e+06,-6.477075473991322517e+07,5.000000000000000000e-01,1.427278185589860193e+06,-2.264933393079092260e+06,1.191099841023000423e+06,8.530586533055718243e+07,5.000000000000000000e-01,-8.638964076013538884e-01,-4.947123358304150176e-01,9.456969781923202367e-02,-1.672465779472084932e+02,1.500000000000000000e+00,1.000000000000000000e+01,2.970000000000000000e+02
4.117329478569728672e+05,-1.223788045229024719e+06,-2.630319577893869951e+06,-5.966856575687699020e+07,5.000000000000000000e-01,1.484807330678254366e+06,-2.193450712785900570e+06,1.252950845680778148e+06,9.257597135638731718e+07,5.000000000000000000e-01,-8.505490522631815598e-01,-5.150133457639246570e-01,1.064342955423471515e-01,-1.668660920458115697e+02,1.500000000000000000e+00,1.000000000000000000e+01,2.970000000000000000e+02
4.498698436287394725e+05,-1.281528836135168327e+06,-2.596355789001710247e+06,-5.432842950266958773e+07,5.000000000000000000e-01,1.539984512525352649e+06,-2.119136394386374857e+06,1.312811309175876435e+06,9.967769094769470394e+07,5.000000000000000000e-01,-8.367593192973551419e-01,-5.345271661559640730e-01,1.188077986741126468e-01,-1.664358820009361466e+02,1.500000000000000000e+00,1.000000000000000000e+01,2.970000000000000000e+02
4.888900209349283250e+05,-1.337104818673777860e+06,-2.561035025919189677e+06,-4.882561656909543276e+07,5.000000000000000000e-01,1.592395297735333676e+06,-2.042563226274291286e+06,1.370393450687358854e+06,1.065829383678118438e+08,5.000000000000000000e-01,-8.226647640762109193e-01,-5.530703491333108790e-01,1.316688613074780689e-01,-1.659463447015374982e+02,1.500000000000000000e+00,1.000000000000000000e+01,2.970000000000000000e+02
5.288238631749787601e+05,-1.390646959568164777e+06,-2.524323544707519934e+06,-4.304493965630418062e+07,5.000000000000000000e-01,1.642426008230258944e+06,-1.963512655218167230e+06,1.425770152997607831e+06,1.133066177932355255e+08,5.000000000000000000e-01,-8.082034778019802079e-01,-5.707555708598225364e-01,1.450726795220691201e-01,-1.653932917601126178e+02,1.500000000000000000e+00,1.000000000000000000e+01,2.970000000000000000e+02
5.707773130644827615e+05,-1.441028660932130879e+06,-2.486646799395872280e+06,-3.727417461224238575e+07,5.000000000000000000e-01,1.690034565274982480e+06,-1.882272934550073231e+06,1.478714630950979423e+06,1.197863308081061840e+08,5.000000000000000000e-01,-7.933095474507116940e-01,-5.878229405064289148e-01,1.585085716246457666e-01,-1.647632976227538109e+02,1.500000000000000000e+00,1.000000000000000000e+01,2.970000000000000000e+02
6.129216202211240306e+05,-1.489026013296032324e+06,-2.448038193018963560e+06,-3.126302778924604133e+07,5.000000000000000000e-01,1.736609159359385725e+06,-1.798188694840980694e+06,1.528551907068455825e+06,1.260650844414041191e+08,5.000000000000000000e-01,-7.777792080035240696e-01,-6.043186601712753347e-01,1.727982595301938984e-01,-1.641131185402983874e+02,1.500000000000000000e+00,1.000000000000000000e+01,2.970000000000000000e+02
6.573085781818756368e+05,-1.535362587442630669e+06,-2.407565057139211800e+06,-2.506067624444044381e+07,5.000000000000000000e-01,1.780457602256297600e+06,-1.711095777324793627e+06,1.577303598430244485e+06,1.321044614541797936e+08,5.000000000000000000e-01,-7.618469193944583662e-01,-6.200621905405737655e-01,1.873843407410961948e-01,-1.633962083078557441e+02,1.500000000000000000e+00,1.000000000000000000e+01,2.970000000000000000e+02
7.028151545305984328e+05,-1.578070988111723680e+06,-2.366749949085873086e+06,-1.877579126123354211e+07,5.000000000000000000e-01,1.823421082923235139e+06,-1.621259139610265614e+06,1.622473210310923634e+06,1.379161235972601175e+08,5.000000000000000000e-01,-7.450954234593610837e-01,-6.354985075158392505e-01,2.024234164855153173e-01,-1.626185905599775197e+02,1.500000000000000000e+00,1.000000000000000000e+01,2.970000000000000000e+02
7.493694704928784631e+05,-1.619825728717932245e+06,-2.323870170910710003e+06,-1.231167997789092921e+07,5.000000000000000000e-01,1.863275391600406962e+06,-1.528726453488587169e+06,1.666422928693408612e+06,1.435552948941102922e+08,5.000000000000000000e-01,-7.281341008632576939e-01,-6.498117653527730742e-01,2.180967794386892977e-01,-1.617703849058317189e+02,1.500000000000000000e+00,1.000000000000000000e+01,2.970000000000000000e+02
7.964136091032306431e+05,-1.659918155022779014e+06,-2.279508600050760433e+06,-5.683013653588678688e+06,5.000000000000000000e-01,1.900504761187731987e+06,-1.433900134166901233e+06,1.708150171105675166e+06,1.490467185116469860e+08,5.000000000000000000e-01,-7.109068808665530703e-01,-6.630695927578597049e-01,2.344161135114176953e-01,-1.608908675090297038e+02,1.500000000000000000e+00,1.000000000000000000e+01,2.970000000000000000e+02
8.454888253635942237e+05,-1.696829395272096852e+06,-2.234206985102707054e+06,1.057384845552104525e+06,5.000000000000000000e-01,1.934739905303891050e+06,-1.337175234956506174e+06,1.747715248700887896e+06,1.542594399701417983e+08,5.000000000000000000e-01,-6.933329450932023130e-01,-6.756096002820216606e-01,2.506827683742125501e-01,-1.599913135693306288e+02,1.500000000000000000e+00,1.000000000000000000e+01,2.970000000000000000e+02
8.951354703262014082e+05,-1.732133197470726678e+06,-2.187283580681957770e+06,7.905042012177814730e+06,5.000000000000000000e-01,1.966376856431061635e+06,-1.237971208704341203e+06,1.785092207212037407e+06,1.591813430898120999e+08,5.000000000000000000e-01,-6.754779691123823371e-01,-6.870975933084040310e-01,2.676325991006609506e-01,-1.589917455854632635e+02,1.500000000000000000e+00,1.000000000000000000e+01,2.970000000000000000e+02
